[
    {
        "title": "全部",
        "order": 0,
        "icon": "ic_group.png",
        "enable": true,
        "idList": []
    },
    {
        "title": "群聊",
        "order": 1,
        "icon": "ic_group.png",
        "enable": true,
        "idList": []
    },
    {
        "title": "好友",
        "order": 2,
        "icon": "ic_group.png",
        "enable": true,
        "idList": []
    },
    {
        "title": "官方",
        "order": 3,
        "icon": "ic_group.png",
        "enable": true,
        "idList": []
    },
    {
        "title": "示例",
        "order": 4,
        "icon": "ic_group.png",
        "enable": true,
        "idList": [
            "weixin"
        ]
    }
]