[
    {
        "desc": "设置",
        "order": 0,
        "icon": "ic_setting.png",
        "type": "activity",
        "action": "me.hd.wauxv.ui.activity.ModuleActivity",
        "enable": true
    },
    {
        "desc": "扫一扫",
        "order": 1,
        "icon": "ic_scan.png",
        "type": "activity",
        "action": "com.tencent.mm.plugin.scanner.ui.BaseScanUI",
        "enable": true
    },
    {
        "desc": "朋友圈",
        "order": 2,
        "icon": "ic_timeline.png",
        "type": "activity",
        "action": "com.tencent.mm.plugin.sns.ui.improve.ImproveSnsTimelineUI",
        "enable": true
    },
    {
        "desc": "视频号",
        "order": 3,
        "icon": "ic_finder.png",
        "type": "activity",
        "action": "com.tencent.mm.plugin.finder.ui.FinderHomeAffinityUI",
        "enable": true
    },
    {
        "desc": "收藏",
        "order": 4,
        "icon": "ic_favorite.png",
        "type": "activity",
        "action": "com.tencent.mm.plugin.fav.ui.FavoriteIndexUI",
        "enable": true
    },
    {
        "desc": "钱包",
        "order": 5,
        "icon": "ic_wallet.png",
        "type": "activity",
        "action": "com.tencent.mm.plugin.mall.ui.MallIndexUIv2",
        "enable": true
    },
    {
        "desc": "清空未读",
        "order": 6,
        "icon": "ic_notice.png",
        "type": "wauxv",
        "action": "clearUnreadCount",
        "enable": true
    }
]